year_month,product,region,budget_revenue,budget_cost,budget_profit,actual_revenue,actual_cost,actual_profit,revenue_variance,profit_variance,revenue_variance_pct,variance_type
2021-01,Technology,East,42472.41,33559.27,8913.14,46413.74,33405.44,13008.3,3941.33,4095.16,9.28,Favorable
2021-01,Technology,West,29361.12,18532.71,10828.41,24171.05,18689.91,5481.14,-5190.07,-5347.27,-17.68,Unfavorable
2021-01,Technology,Central,56066.9,41580.03,14486.87,45315.16,35979.42,9335.74,-10751.74,-5151.13,-19.18,Unfavorable
2021-01,Technology,South,69946.56,44938.41,25008.15,61044.46,38865.84,22178.62,-8902.1,-2829.53,-12.73,Unfavorable
2021-01,Furniture,East,38254.53,26967.58,11286.95,37213.17,24495.41,12717.76,-1041.36,1430.81,-2.72,Unfavorable
2021-01,Furniture,West,56711.17,35608.88,21102.3,51996.09,35007.53,16988.56,-4715.08,-4113.74,-8.31,Unfavorable
2021-01,Furniture,Central,47364.2,35856.37,11507.83,41674.31,29290.66,12383.65,-5689.89,875.82,-12.01,Unfavorable
2021-01,Furniture,South,55544.87,33842.94,21701.93,57934.3,36736.42,21197.88,2389.43,-504.05,4.3,Favorable
2021-01,Office Supplies,East,23903.1,18878.12,5024.98,28355.11,21597.51,6757.61,4452.01,1732.63,18.63,Favorable
2021-01,Office Supplies,West,38276.83,23713.81,14563.01,41097.57,28276.38,12821.19,2820.74,-1741.82,7.37,Favorable
2021-01,Office Supplies,Central,27322.29,19099.25,8223.04,22233.66,17383.7,4849.96,-5088.63,-3373.08,-18.62,Unfavorable
2021-01,Office Supplies,South,35526.8,26023.54,9503.26,32851.08,23127.61,9723.47,-2675.72,220.21,-7.53,Unfavorable
2021-02,Technology,East,52802.62,33633.73,19168.89,62720.74,47355.82,15364.91,9918.12,-3803.98,18.78,Favorable
2021-02,Technology,West,76369.94,59489.54,16880.39,79360.58,62248.44,17112.14,2990.64,231.75,3.92,Favorable
2021-02,Technology,Central,25309.55,16177.78,9131.77,20705.51,13770.53,6934.98,-4604.04,-2196.79,-18.19,Unfavorable
2021-02,Technology,South,43320.64,28343.39,14977.25,49017.08,32907.65,16109.43,5696.44,1132.18,13.15,Favorable
2021-02,Furniture,East,36856.07,26113.97,10742.1,31562.42,24001.31,7561.11,-5293.65,-3180.99,-14.36,Unfavorable
2021-02,Furniture,West,24473.04,19514.25,4958.79,27138.1,17361.41,9776.69,2665.06,4817.9,10.89,Favorable
2021-02,Furniture,Central,20331.33,15514.68,4816.65,22013.6,16417.77,5595.83,1682.27,779.18,8.27,Favorable
2021-02,Furniture,South,66276.22,40747.21,25529.01,62524.08,38963.37,23560.71,-3752.14,-1968.3,-5.66,Unfavorable
2021-02,Office Supplies,East,71786.21,52020.56,19765.64,66930.53,41009.12,25921.41,-4855.68,6155.77,-6.76,Unfavorable
2021-02,Office Supplies,West,38658.94,25709.61,12949.33,42209.47,30707.88,11501.6,3550.53,-1447.73,9.18,Favorable
2021-02,Office Supplies,Central,73232.76,50855.98,22376.78,62089.5,46110.7,15978.8,-11143.26,-6397.98,-15.22,Unfavorable
2021-02,Office Supplies,South,65647.1,46757.51,18889.6,72762.39,50843.38,21919.01,7115.29,3029.41,10.84,Favorable
2021-03,Technology,East,51363.97,35210.42,16153.55,41613.43,25866.0,15747.42,-9750.54,-406.13,-18.98,Unfavorable
2021-03,Technology,West,21885.75,15917.11,5968.64,20260.57,14217.13,6043.44,-1625.18,74.8,-7.43,Unfavorable
2021-03,Technology,Central,74453.99,48384.55,26069.44,71785.05,53918.48,17866.56,-2668.94,-8202.88,-3.58,Unfavorable
2021-03,Technology,South,33727.89,20756.01,12971.88,30891.39,19530.91,11360.49,-2836.5,-1611.39,-8.41,Unfavorable
2021-03,Furniture,East,75781.86,57717.29,18064.57,79825.69,61808.4,18017.29,4043.83,-47.28,5.34,Favorable
2021-03,Furniture,West,68220.32,43477.77,24742.56,78932.53,55873.84,23058.68,10712.21,-1683.88,15.7,Favorable
2021-03,Furniture,Central,68446.41,53334.69,15111.72,63463.61,39475.02,23988.58,-4982.8,8876.86,-7.28,Unfavorable
2021-03,Furniture,South,33676.11,23082.33,10593.78,37959.91,29310.6,8649.31,4283.8,-1944.47,12.72,Favorable
2021-03,Office Supplies,East,20417.13,14335.88,6081.25,19742.64,12722.58,7020.06,-674.49,938.81,-3.3,Unfavorable
2021-03,Office Supplies,West,27191.92,18151.23,9040.69,32009.35,21274.71,10734.64,4817.43,1693.95,17.72,Favorable
2021-03,Office Supplies,Central,51127.44,37865.17,13262.26,48338.53,38398.02,9940.51,-2788.91,-3321.75,-5.45,Unfavorable
2021-03,Office Supplies,South,77746.84,50563.16,27183.68,77661.27,51270.08,26391.19,-85.57,-792.49,-0.11,Unfavorable
2021-04,Technology,East,37090.43,22527.89,14562.54,38715.94,27121.91,11594.04,1625.51,-2968.5,4.38,Favorable
2021-04,Technology,West,23088.73,15139.95,7948.77,26859.26,17402.45,9456.81,3770.53,1508.04,16.33,Favorable
2021-04,Technology,Central,28693.69,20025.06,8668.64,34267.73,22219.58,12048.16,5574.04,3379.52,19.43,Favorable
2021-04,Technology,South,60328.13,45386.3,14941.84,53997.0,40262.5,13734.5,-6331.13,-1207.34,-10.49,Unfavorable
2021-04,Furniture,East,42066.99,30560.03,11506.95,44313.87,31336.77,12977.1,2246.88,1470.15,5.34,Favorable
2021-04,Furniture,West,25417.39,19496.67,5920.71,23595.27,15037.35,8557.92,-1822.12,2637.21,-7.17,Unfavorable
2021-04,Furniture,Central,22446.51,16120.6,6325.91,24040.79,14504.23,9536.56,1594.28,3210.65,7.1,Favorable
2021-04,Furniture,South,50725.58,32733.18,17992.41,53671.17,34074.39,19596.78,2945.59,1604.37,5.81,Favorable
2021-04,Office Supplies,East,61456.26,41627.22,19829.04,72192.18,45300.9,26891.29,10735.92,7062.25,17.47,Favorable
2021-04,Office Supplies,West,40463.98,25196.71,15267.27,47337.9,36709.02,10628.88,6873.92,-4638.39,16.99,Favorable
2021-04,Office Supplies,Central,35476.5,25968.68,9507.81,39978.07,28426.01,11552.06,4501.57,2044.25,12.69,Favorable
2021-04,Office Supplies,South,51779.03,33572.0,18207.04,43351.54,33790.06,9561.48,-8427.49,-8645.56,-16.28,Unfavorable
2021-05,Technology,East,74025.08,53788.13,20236.96,69258.75,46392.41,22866.34,-4766.33,2629.38,-6.44,Unfavorable
2021-05,Technology,West,63557.34,49537.99,14019.35,73398.21,55487.22,17910.99,9840.87,3891.64,15.48,Favorable
2021-05,Technology,Central,58521.9,36097.95,22423.95,50601.05,39454.18,11146.86,-7920.85,-11277.09,-13.53,Unfavorable
2021-05,Technology,South,56385.74,33935.16,22450.58,47397.21,34727.96,12669.26,-8988.53,-9781.32,-15.94,Unfavorable
2021-05,Furniture,East,20303.7,12835.22,7468.48,20699.49,15284.07,5415.42,395.79,-2053.06,1.95,Favorable
2021-05,Furniture,West,59117.68,38122.26,20995.41,64135.09,41524.25,22610.84,5017.41,1615.43,8.49,Favorable
2021-05,Furniture,Central,39523.98,29615.25,9908.73,41889.62,32248.5,9641.12,2365.64,-267.61,5.99,Favorable
2021-05,Furniture,South,59456.77,42432.02,17024.75,49793.26,33537.91,16255.35,-9663.51,-769.4,-16.25,Unfavorable
2021-05,Office Supplies,East,35912.14,23299.72,12612.42,42706.87,28981.72,13725.15,6794.73,1112.73,18.92,Favorable
2021-05,Office Supplies,West,73522.79,53394.29,20128.5,82192.93,57578.4,24614.53,8670.14,4486.03,11.79,Favorable
2021-05,Office Supplies,Central,54614.23,38148.24,16466.0,47956.6,35703.23,12253.37,-6657.63,-4212.63,-12.19,Unfavorable
2021-05,Office Supplies,South,36846.34,22287.0,14559.35,38990.39,24775.36,14215.03,2144.05,-344.32,5.82,Favorable
2021-06,Technology,East,76427.52,60437.79,15989.73,89110.34,60063.2,29047.14,12682.82,13057.41,16.59,Favorable
2021-06,Technology,West,20927.4,16441.9,4485.5,20326.23,16125.43,4200.8,-601.17,-284.7,-2.87,Unfavorable
2021-06,Technology,Central,77817.2,59966.08,17851.12,71419.03,48352.08,23066.95,-6398.17,5215.83,-8.22,Unfavorable
2021-06,Technology,South,71068.2,47145.54,23922.66,61672.78,43871.56,17801.22,-9395.42,-6121.44,-13.22,Unfavorable
2021-06,Furniture,East,76169.29,56304.79,19864.5,78303.89,48504.19,29799.7,2134.6,9935.2,2.8,Favorable
2021-06,Furniture,West,56900.43,45407.16,11493.27,48708.68,34274.64,14434.04,-8191.75,2940.77,-14.4,Unfavorable
2021-06,Furniture,Central,72642.38,54347.67,18294.71,78367.06,58030.56,20336.5,5724.68,2041.79,7.88,Favorable
2021-06,Furniture,South,41569.47,27382.57,14186.9,46713.46,35596.72,11116.74,5143.99,-3070.16,12.37,Favorable
2021-06,Office Supplies,East,72024.34,56369.71,15654.63,72351.11,50667.72,21683.39,326.77,6028.76,0.45,Favorable
2021-06,Office Supplies,West,67897.71,49564.84,18332.87,73382.95,55709.29,17673.66,5485.24,-659.21,8.08,Favorable
2021-06,Office Supplies,Central,73400.32,49001.98,24398.34,69747.42,43159.45,26587.97,-3652.9,2189.63,-4.98,Unfavorable
2021-06,Office Supplies,South,54696.81,33211.27,21485.54,53944.14,38220.98,15723.16,-752.67,-5762.38,-1.38,Unfavorable
2021-07,Technology,East,37192.48,26710.4,10482.08,30207.73,18350.28,11857.45,-6984.75,1375.37,-18.78,Unfavorable
2021-07,Technology,West,69356.03,46609.9,22746.13,59009.79,41569.37,17440.42,-10346.24,-5305.71,-14.92,Unfavorable
2021-07,Technology,Central,66199.61,42577.22,23622.39,69453.73,42857.78,26595.95,3254.12,2973.56,4.92,Favorable
2021-07,Technology,South,23100.9,16315.5,6785.41,23476.39,17078.74,6397.64,375.49,-387.77,1.63,Favorable
2021-07,Furniture,East,63565.48,50545.39,13020.09,63979.94,42520.51,21459.43,414.46,8439.34,0.65,Favorable
2021-07,Furniture,West,67711.17,44294.38,23416.79,66058.25,40671.49,25386.76,-1652.92,1969.97,-2.44,Unfavorable
2021-07,Furniture,Central,21521.04,17056.07,4464.98,24413.3,18046.19,6367.12,2892.26,1902.14,13.44,Favorable
2021-07,Furniture,South,44537.18,28265.91,16271.26,38416.65,24972.69,13443.96,-6120.53,-2827.3,-13.74,Unfavorable
2021-07,Office Supplies,East,52953.6,39340.25,13613.35,56346.81,36962.76,19384.05,3393.21,5770.7,6.41,Favorable
2021-07,Office Supplies,West,77291.92,57781.84,19510.07,78972.37,57045.23,21927.14,1680.45,2417.07,2.17,Favorable
2021-07,Office Supplies,Central,45176.0,29343.9,15832.1,42573.37,31996.84,10576.54,-2602.63,-5255.56,-5.76,Unfavorable
2021-07,Office Supplies,South,20863.61,13002.5,7861.1,17074.8,10383.97,6690.83,-3788.81,-1170.27,-18.16,Unfavorable
2021-08,Technology,East,71327.64,52834.63,18493.0,70590.79,43735.71,26855.08,-736.85,8362.08,-1.03,Unfavorable
2021-08,Technology,West,49496.95,34385.25,15111.7,43026.75,29549.49,13477.25,-6470.2,-1634.45,-13.07,Unfavorable
2021-08,Technology,Central,43910.28,31754.6,12155.68,46283.08,28189.21,18093.87,2372.8,5938.19,5.4,Favorable
2021-08,Technology,South,42476.76,30802.95,11673.8,42530.04,32803.34,9726.71,53.28,-1947.09,0.13,Favorable
2021-08,Furniture,East,59521.62,37652.59,21869.02,49297.44,35912.39,13385.05,-10224.18,-8483.97,-17.18,Unfavorable
2021-08,Furniture,West,21590.68,15483.87,6106.81,25392.63,18158.14,7234.49,3801.95,1127.68,17.61,Favorable
2021-08,Furniture,Central,43290.2,31543.73,11746.46,42567.3,30185.47,12381.83,-722.9,635.37,-1.67,Unfavorable
2021-08,Furniture,South,76487.89,51799.17,24688.72,90598.09,70763.46,19834.63,14110.2,-4854.09,18.45,Favorable
2021-08,Office Supplies,East,31747.47,19488.89,12258.58,26677.75,16103.88,10573.88,-5069.72,-1684.7,-15.97,Unfavorable
2021-08,Office Supplies,West,25666.58,18906.04,6760.54,21264.13,14115.03,7149.1,-4402.45,388.56,-17.15,Unfavorable
2021-08,Office Supplies,Central,70692.52,42744.54,27947.98,79584.75,52237.12,27347.63,8892.23,-600.35,12.58,Favorable
2021-08,Office Supplies,South,27089.89,20028.84,7061.05,28487.11,22091.59,6395.52,1397.22,-665.53,5.16,Favorable
2021-09,Technology,East,64104.26,48763.87,15340.39,58515.26,37185.74,21329.52,-5589.0,5989.13,-8.72,Unfavorable
2021-09,Technology,West,65036.89,49516.93,15519.95,77797.26,53098.46,24698.8,12760.37,9178.85,19.62,Favorable
2021-09,Technology,Central,42321.09,31964.38,10356.71,39626.14,31152.15,8473.99,-2694.95,-1882.72,-6.37,Unfavorable
2021-09,Technology,South,71504.77,49037.88,22466.88,78680.16,59081.6,19598.55,7175.39,-2868.33,10.03,Favorable
2021-09,Furniture,East,26187.43,20439.57,5747.86,26242.45,20083.12,6159.33,55.02,411.47,0.21,Favorable
2021-09,Furniture,West,39202.98,30543.22,8659.76,37465.53,22560.52,14905.0,-1737.45,6245.24,-4.43,Unfavorable
2021-09,Furniture,Central,74322.92,45950.69,28372.23,68951.26,54472.35,14478.91,-5371.66,-13893.32,-7.23,Unfavorable
2021-09,Furniture,South,77036.43,55056.98,21979.45,81098.94,55933.05,25165.88,4062.51,3186.43,5.27,Favorable
2021-09,Office Supplies,East,37592.65,25026.66,12565.98,40186.82,30159.2,10027.62,2594.17,-2538.36,6.9,Favorable
2021-09,Office Supplies,West,67494.74,51155.86,16338.88,56458.17,39457.71,17000.45,-11036.57,661.57,-16.35,Unfavorable
2021-09,Office Supplies,Central,23453.53,16649.79,6803.73,22905.0,17809.57,5095.43,-548.53,-1708.3,-2.34,Unfavorable
2021-09,Office Supplies,South,41054.9,25594.18,15460.73,35192.12,26475.11,8717.01,-5862.78,-6743.72,-14.28,Unfavorable
2021-10,Technology,East,57093.08,35410.53,21682.55,47595.23,35229.7,12365.54,-9497.85,-9317.01,-16.64,Unfavorable
2021-10,Technology,West,24365.78,18624.52,5741.26,26375.88,16254.66,10121.22,2010.1,4379.96,8.25,Favorable
2021-10,Technology,Central,25090.26,20005.17,5085.1,23828.43,16063.42,7765.01,-1261.83,2679.91,-5.03,Unfavorable
2021-10,Technology,South,68767.97,54288.86,14479.12,82136.5,61657.87,20478.63,13368.53,5999.51,19.44,Favorable
2021-10,Furniture,East,42575.58,26256.36,16319.21,47295.45,33659.27,13636.18,4719.87,-2683.03,11.09,Favorable
2021-10,Furniture,West,45453.32,35511.36,9941.96,38384.37,26812.45,11571.93,-7068.95,1629.97,-15.55,Unfavorable
2021-10,Furniture,Central,20681.22,14347.23,6333.99,17010.74,10610.68,6400.06,-3670.48,66.07,-17.75,Unfavorable
2021-10,Furniture,South,27051.57,19743.38,7308.2,29713.94,21295.2,8418.74,2662.37,1110.54,9.84,Favorable
2021-10,Office Supplies,East,77730.35,52465.98,25264.38,71067.68,54986.48,16081.21,-6662.67,-9183.17,-8.57,Unfavorable
2021-10,Office Supplies,West,33415.75,26486.81,6928.94,26895.06,21354.03,5541.03,-6520.69,-1387.91,-19.51,Unfavorable
2021-10,Office Supplies,Central,22589.59,17579.87,5009.73,22839.9,18239.78,4600.12,250.31,-409.61,1.11,Favorable
2021-10,Office Supplies,South,24427.79,17362.56,7065.23,29013.4,20443.41,8569.99,4585.61,1504.76,18.77,Favorable
2021-11,Technology,East,57763.92,42696.19,15067.73,56713.56,41146.35,15567.21,-1050.36,499.48,-1.82,Unfavorable
2021-11,Technology,West,55058.86,42958.66,12100.2,45047.98,29560.15,15487.83,-10010.88,3387.63,-18.18,Unfavorable
2021-11,Technology,Central,77024.69,59929.27,17095.42,75658.48,54778.75,20879.73,-1366.21,3784.31,-1.77,Unfavorable
2021-11,Technology,South,36642.87,23364.38,13278.49,36110.79,24218.44,11892.35,-532.08,-1386.14,-1.45,Unfavorable
2021-11,Furniture,East,55019.37,33867.0,21152.36,65459.73,52187.25,13272.47,10440.36,-7879.89,18.98,Favorable
2021-11,Furniture,West,61889.7,43769.59,18120.11,57174.39,43610.28,13564.11,-4715.31,-4556.0,-7.62,Unfavorable
2021-11,Furniture,Central,61083.87,38636.98,22446.89,71124.28,54375.04,16749.24,10040.41,-5697.65,16.44,Favorable
2021-11,Furniture,South,76987.99,57367.13,19620.86,80480.64,55020.48,25460.16,3492.65,5839.3,4.54,Favorable
2021-11,Office Supplies,East,75963.71,58736.11,17227.6,62144.96,37614.69,24530.27,-13818.75,7302.67,-18.19,Unfavorable
2021-11,Office Supplies,West,42587.8,32456.62,10131.18,50888.61,32064.07,18824.54,8300.81,8693.36,19.49,Favorable
2021-11,Office Supplies,Central,55647.84,37627.86,18019.99,66107.73,50798.75,15308.98,10459.89,-2711.01,18.8,Favorable
2021-11,Office Supplies,South,70299.72,48769.63,21530.09,67904.46,44455.79,23448.67,-2395.26,1918.58,-3.41,Unfavorable
2021-12,Technology,East,23382.53,18073.4,5309.13,26309.1,21045.79,5263.3,2926.57,-45.83,12.52,Favorable
2021-12,Technology,West,79798.21,56743.42,23054.79,88384.1,69730.91,18653.19,8585.89,-4401.6,10.76,Favorable
2021-12,Technology,Central,70978.84,46098.6,24880.24,69574.72,43542.08,26032.64,-1404.12,1152.4,-1.98,Unfavorable
2021-12,Technology,South,77243.06,55710.39,21532.67,68858.88,50565.84,18293.04,-8384.18,-3239.63,-10.85,Unfavorable
2021-12,Furniture,East,57087.69,38341.95,18745.74,48263.25,35440.41,12822.84,-8824.44,-5922.9,-15.46,Unfavorable
2021-12,Furniture,West,51218.46,38642.47,12575.99,51631.56,39778.83,11852.73,413.1,-723.26,0.81,Favorable
2021-12,Furniture,Central,53114.41,37827.42,15286.99,61116.7,41601.93,19514.77,8002.29,4227.78,15.07,Favorable
2021-12,Furniture,South,28040.91,16985.97,11054.95,30902.63,22375.41,8527.21,2861.72,-2527.74,10.21,Favorable
2021-12,Office Supplies,East,62244.79,39998.05,22246.73,53191.19,32069.45,21121.75,-9053.6,-1124.98,-14.55,Unfavorable
2021-12,Office Supplies,West,41035.25,29462.64,11572.62,39266.54,26995.55,12270.99,-1768.71,698.37,-4.31,Unfavorable
2021-12,Office Supplies,Central,74249.52,49721.27,24528.25,74665.01,56501.3,18163.71,415.49,-6364.54,0.56,Favorable
2021-12,Office Supplies,South,43792.57,31724.09,12068.47,50140.1,39605.87,10534.23,6347.53,-1534.24,14.49,Favorable
2022-01,Technology,East,28824.41,22636.31,6188.1,28733.51,18724.16,10009.35,-90.9,3821.25,-0.32,Unfavorable
2022-01,Technology,West,47548.15,37848.63,9699.51,47407.75,31561.72,15846.02,-140.4,6146.51,-0.3,Unfavorable
2022-01,Technology,Central,58004.05,37588.31,20415.74,48163.39,30139.49,18023.9,-9840.66,-2391.84,-16.97,Unfavorable
2022-01,Technology,South,27682.75,17450.67,10232.08,23683.45,17245.69,6437.75,-3999.3,-3794.33,-14.45,Unfavorable
2022-01,Furniture,East,30912.81,20684.79,10228.01,35819.14,24886.87,10932.28,4906.33,704.27,15.87,Favorable
2022-01,Furniture,West,60053.46,38101.76,21951.7,52661.82,32027.54,20634.28,-7391.64,-1317.42,-12.31,Unfavorable
2022-01,Furniture,Central,30136.1,19760.79,10375.32,26242.65,16211.15,10031.5,-3893.45,-343.82,-12.92,Unfavorable
2022-01,Furniture,South,27238.15,18853.04,8385.11,24038.58,16174.46,7864.13,-3199.57,-520.98,-11.75,Unfavorable
2022-01,Office Supplies,East,50205.04,37055.28,13149.76,40953.5,31119.83,9833.67,-9251.54,-3316.09,-18.43,Unfavorable
2022-01,Office Supplies,West,57674.02,35547.49,22126.53,66292.34,51984.76,14307.58,8618.32,-7818.95,14.94,Favorable
2022-01,Office Supplies,Central,23664.68,15509.25,8155.43,26563.14,19913.11,6650.03,2898.46,-1505.4,12.25,Favorable
2022-01,Office Supplies,South,31071.26,19943.71,11127.55,29461.42,20531.8,8929.62,-1609.84,-2197.93,-5.18,Unfavorable
2022-02,Technology,East,57095.29,38469.82,18625.47,56239.65,42151.29,14088.36,-855.64,-4537.11,-1.5,Unfavorable
2022-02,Technology,West,22200.99,14441.47,7759.53,24095.62,18771.49,5324.14,1894.63,-2435.39,8.53,Favorable
2022-02,Technology,Central,50700.65,35816.09,14884.56,42733.99,29464.34,13269.65,-7966.66,-1614.91,-15.71,Unfavorable
2022-02,Technology,South,51957.04,33693.83,18263.2,47161.26,31855.4,15305.86,-4795.78,-2957.34,-9.23,Unfavorable
2022-02,Furniture,East,21204.27,14088.45,7115.82,18756.86,12482.68,6274.18,-2447.41,-841.64,-11.54,Unfavorable
2022-02,Furniture,West,27185.73,21153.36,6032.36,28203.48,20752.7,7450.78,1017.75,1418.42,3.74,Favorable
2022-02,Furniture,Central,67350.27,47124.21,20226.07,56221.86,39772.54,16449.32,-11128.41,-3776.75,-16.52,Unfavorable
2022-02,Furniture,South,55210.47,41357.49,13852.97,53701.22,33590.98,20110.25,-1509.25,6257.28,-2.73,Unfavorable
2022-02,Office Supplies,East,37026.55,24904.67,12121.88,39187.68,27986.1,11201.58,2161.13,-920.3,5.84,Favorable
2022-02,Office Supplies,West,41365.8,32981.08,8384.72,43115.99,27915.25,15200.74,1750.19,6816.02,4.23,Favorable
2022-02,Office Supplies,Central,26106.95,16462.31,9644.64,23454.04,14826.15,8627.89,-2652.91,-1016.75,-10.16,Unfavorable
2022-02,Office Supplies,South,31194.02,20495.07,10698.96,27118.51,21134.89,5983.61,-4075.51,-4715.35,-13.07,Unfavorable
2022-03,Technology,East,24814.02,17491.46,7322.56,23924.66,19055.41,4869.25,-889.36,-2453.31,-3.58,Unfavorable
2022-03,Technology,West,26722.33,18159.73,8562.61,31740.47,24538.6,7201.87,5018.14,-1360.74,18.78,Favorable
2022-03,Technology,Central,69024.32,44974.91,24049.42,59937.62,43977.95,15959.67,-9086.7,-8089.75,-13.16,Unfavorable
2022-03,Technology,South,75762.56,53893.89,21868.67,77932.78,51123.58,26809.2,2170.22,4940.53,2.86,Favorable
2022-03,Furniture,East,66169.58,42177.07,23992.51,61502.75,42134.75,19368.0,-4666.83,-4624.51,-7.05,Unfavorable
2022-03,Furniture,West,50456.62,32720.21,17736.41,42683.01,30822.43,11860.58,-7773.61,-5875.83,-15.41,Unfavorable
2022-03,Furniture,Central,37317.83,26728.81,10589.02,32158.46,22389.62,9768.84,-5159.37,-820.18,-13.83,Unfavorable
2022-03,Furniture,South,51955.37,31711.72,20243.64,48559.65,30441.22,18118.43,-3395.72,-2125.21,-6.54,Unfavorable
2022-03,Office Supplies,East,23802.5,18994.2,4808.29,22111.13,16848.13,5263.0,-1691.37,454.71,-7.11,Unfavorable
2022-03,Office Supplies,West,35278.44,25975.53,9302.91,38950.61,28010.47,10940.15,3672.17,1637.24,10.41,Favorable
2022-03,Office Supplies,Central,48294.57,32954.68,15339.89,45375.03,35660.5,9714.53,-2919.54,-5625.36,-6.05,Unfavorable
2022-03,Office Supplies,South,69837.16,55381.25,14455.92,59341.96,44279.4,15062.56,-10495.2,606.64,-15.03,Unfavorable
2022-04,Technology,East,76300.43,48545.89,27754.54,63069.82,47190.36,15879.46,-13230.61,-11875.08,-17.34,Unfavorable
2022-04,Technology,West,54468.39,41851.64,12616.74,46619.98,35387.06,11232.92,-7848.41,-1383.82,-14.41,Unfavorable
2022-04,Technology,Central,32097.64,20309.18,11788.46,27787.13,21199.22,6587.91,-4310.51,-5200.55,-13.43,Unfavorable
2022-04,Technology,South,59911.83,42214.66,17697.17,56528.74,43834.65,12694.09,-3383.09,-5003.08,-5.65,Unfavorable
2022-04,Furniture,East,43546.71,33240.07,10306.64,42486.52,28694.92,13791.6,-1060.19,3484.96,-2.43,Unfavorable
2022-04,Furniture,West,47760.79,31535.28,16225.51,52491.19,36772.4,15718.8,4730.4,-506.71,9.9,Favorable
2022-04,Furniture,Central,33932.76,26464.67,7468.09,32356.81,22931.61,9425.2,-1575.95,1957.11,-4.64,Unfavorable
2022-04,Furniture,South,74388.33,53920.2,20468.13,62989.0,49633.22,13355.78,-11399.33,-7112.35,-15.32,Unfavorable
2022-04,Office Supplies,East,57662.48,38459.79,19202.7,49342.3,37441.18,11901.11,-8320.18,-7301.59,-14.43,Unfavorable
2022-04,Office Supplies,West,57204.37,40425.88,16778.49,66217.32,50174.15,16043.17,9012.95,-735.32,15.76,Favorable
2022-04,Office Supplies,Central,29100.49,19274.55,9825.94,26172.86,19597.95,6574.9,-2927.63,-3251.04,-10.06,Unfavorable
2022-04,Office Supplies,South,22011.95,15716.04,6295.9,24322.84,18858.79,5464.05,2310.89,-831.85,10.5,Favorable
2022-05,Technology,East,40524.9,30971.22,9553.69,34213.26,26319.93,7893.33,-6311.64,-1660.36,-15.57,Unfavorable
2022-05,Technology,West,27649.32,18786.54,8862.78,30937.33,19490.0,11447.32,3288.01,2584.54,11.89,Favorable
2022-05,Technology,Central,33755.08,25128.99,8626.09,36726.02,26744.98,9981.05,2970.94,1354.96,8.8,Favorable
2022-05,Technology,South,61636.91,43672.52,17964.39,55517.57,37148.98,18368.59,-6119.34,404.2,-9.93,Unfavorable
2022-05,Furniture,East,30895.86,24150.99,6744.87,31926.45,21715.42,10211.03,1030.59,3466.16,3.34,Favorable
2022-05,Furniture,West,47720.35,37673.15,10047.2,41103.47,29481.3,11622.17,-6616.88,1574.97,-13.87,Unfavorable
2022-05,Furniture,Central,50353.32,36369.74,13983.58,40647.42,31478.37,9169.05,-9705.9,-4814.53,-19.28,Unfavorable
2022-05,Furniture,South,75927.1,54138.04,21789.05,81899.55,64250.18,17649.36,5972.45,-4139.69,7.87,Favorable
2022-05,Office Supplies,East,62434.32,39365.33,23068.99,64339.52,46410.86,17928.66,1905.2,-5140.33,3.05,Favorable
2022-05,Office Supplies,West,45447.84,33962.66,11485.18,53344.26,41881.31,11462.95,7896.42,-22.23,17.37,Favorable
2022-05,Office Supplies,Central,47050.36,29295.8,17754.57,56175.14,43130.13,13045.01,9124.78,-4709.56,19.39,Favorable
2022-05,Office Supplies,South,27479.76,21548.76,5931.0,31545.63,22200.79,9344.84,4065.87,3413.84,14.8,Favorable
2022-06,Technology,East,55476.53,37712.97,17763.55,45596.42,30414.61,15181.81,-9880.11,-2581.74,-17.81,Unfavorable
2022-06,Technology,West,68171.21,40965.88,27205.33,63630.98,43245.76,20385.22,-4540.23,-6820.11,-6.66,Unfavorable
2022-06,Technology,Central,52243.74,40957.58,11286.16,49032.75,32822.07,16210.69,-3210.99,4924.53,-6.15,Unfavorable
2022-06,Technology,South,64250.07,44361.05,19889.02,57172.41,39476.86,17695.55,-7077.66,-2193.47,-11.02,Unfavorable
2022-06,Furniture,East,28451.42,18074.54,10376.88,28432.85,19441.96,8990.89,-18.57,-1385.99,-0.07,Unfavorable
2022-06,Furniture,West,74890.75,50362.44,24528.31,77304.88,56158.35,21146.53,2414.13,-3381.78,3.22,Favorable
2022-06,Furniture,Central,20785.67,15229.81,5555.85,18108.77,14346.02,3762.75,-2676.9,-1793.1,-12.88,Unfavorable
2022-06,Furniture,South,28919.76,19750.02,9169.74,24123.13,19283.42,4839.71,-4796.63,-4330.03,-16.59,Unfavorable
2022-06,Office Supplies,East,50131.7,36048.55,14083.15,41450.42,31087.49,10362.93,-8681.28,-3720.22,-17.32,Unfavorable
2022-06,Office Supplies,West,32594.34,25410.9,7183.44,28750.02,18346.47,10403.55,-3844.32,3220.11,-11.79,Unfavorable
2022-06,Office Supplies,Central,22192.98,15411.1,6781.88,22768.59,13960.37,8808.22,575.61,2026.34,2.59,Favorable
2022-06,Office Supplies,South,66531.66,45950.61,20581.05,67180.75,46230.6,20950.14,649.09,369.09,0.98,Favorable
2022-07,Technology,East,44045.78,31357.43,12688.35,37971.7,24164.64,13807.06,-6074.08,1118.71,-13.79,Unfavorable
2022-07,Technology,West,71707.14,56592.93,15114.21,68073.29,44530.07,23543.22,-3633.85,8429.01,-5.07,Unfavorable
2022-07,Technology,Central,58639.97,39977.62,18662.36,47507.44,29988.15,17519.29,-11132.53,-1143.07,-18.98,Unfavorable
2022-07,Technology,South,62958.33,46071.95,16886.38,51049.03,32895.71,18153.32,-11909.3,1266.94,-18.92,Unfavorable
2022-07,Furniture,East,33864.49,24869.35,8995.13,27358.59,16984.8,10373.78,-6505.9,1378.65,-19.21,Unfavorable
2022-07,Furniture,West,67994.97,43225.01,24769.96,72149.35,46726.56,25422.79,4154.38,652.83,6.11,Favorable
2022-07,Furniture,Central,25966.48,16842.76,9123.73,28275.08,21804.03,6471.05,2308.6,-2652.68,8.89,Favorable
2022-07,Furniture,South,69813.19,47433.65,22379.55,74507.02,47758.76,26748.25,4693.83,4368.7,6.72,Favorable
2022-07,Office Supplies,East,37588.86,29291.77,8297.1,30266.58,18677.56,11589.02,-7322.28,3291.92,-19.48,Unfavorable
2022-07,Office Supplies,West,32473.18,19656.22,12816.95,28335.25,20305.28,8029.98,-4137.93,-4786.97,-12.74,Unfavorable
2022-07,Office Supplies,Central,45285.47,35256.3,10029.18,51035.71,34110.4,16925.3,5750.24,6896.12,12.7,Favorable
2022-07,Office Supplies,South,35565.41,24040.03,11525.38,36849.96,24085.6,12764.36,1284.55,1238.98,3.61,Favorable
2022-08,Technology,East,57448.93,39173.41,18275.52,58644.96,40302.3,18342.66,1196.03,67.14,2.08,Favorable
2022-08,Technology,West,37667.95,29746.02,7921.92,41639.74,26150.7,15489.04,3971.79,7567.12,10.54,Favorable
2022-08,Technology,Central,72108.08,50294.39,21813.69,83488.24,63448.65,20039.59,11380.16,-1774.1,15.78,Favorable
2022-08,Technology,South,45512.81,27512.21,18000.6,41301.55,29255.0,12046.55,-4211.26,-5954.05,-9.25,Unfavorable
2022-08,Furniture,East,58008.69,37797.16,20211.53,49640.5,38073.57,11566.93,-8368.19,-8644.6,-14.43,Unfavorable
2022-08,Furniture,West,79064.13,55751.13,23313.0,68680.77,44948.92,23731.85,-10383.36,418.85,-13.13,Unfavorable
2022-08,Furniture,Central,21103.44,16521.03,4582.41,17876.73,12787.29,5089.45,-3226.71,507.04,-15.29,Unfavorable
2022-08,Furniture,South,36443.31,25905.2,10538.11,38650.62,29604.38,9046.24,2207.31,-1491.87,6.06,Favorable
2022-08,Office Supplies,East,32385.28,19502.39,12882.89,27681.45,21591.64,6089.82,-4703.83,-6793.07,-14.52,Unfavorable
2022-08,Office Supplies,West,72433.4,52114.58,20318.83,75345.72,55228.96,20116.75,2912.32,-202.08,4.02,Favorable
2022-08,Office Supplies,Central,30522.28,23895.35,6626.92,29530.55,19981.19,9549.36,-991.73,2922.44,-3.25,Unfavorable
2022-08,Office Supplies,South,51135.06,31161.36,19973.7,44309.21,33125.87,11183.35,-6825.85,-8790.35,-13.35,Unfavorable
2022-09,Technology,East,24967.92,17992.64,6975.28,22424.68,15200.77,7223.91,-2543.24,248.63,-10.19,Unfavorable
2022-09,Technology,West,37321.62,25047.83,12273.79,40591.68,26767.14,13824.54,3270.06,1550.75,8.76,Favorable
2022-09,Technology,Central,53984.28,37530.41,16453.86,57518.55,45288.14,12230.4,3534.27,-4223.46,6.55,Favorable
2022-09,Technology,South,63954.33,41121.87,22832.46,51961.18,33902.22,18058.96,-11993.15,-4773.5,-18.75,Unfavorable
2022-09,Furniture,East,55704.68,33995.74,21708.94,55623.71,40013.95,15609.76,-80.97,-6099.18,-0.15,Unfavorable
2022-09,Furniture,West,40054.63,30208.5,9846.13,33751.61,20758.17,12993.44,-6303.02,3147.31,-15.74,Unfavorable
2022-09,Furniture,Central,63691.33,44526.49,19164.83,68491.16,47051.06,21440.1,4799.83,2275.27,7.54,Favorable
2022-09,Furniture,South,34784.12,26568.82,8215.3,38950.09,28781.75,10168.34,4165.97,1953.04,11.98,Favorable
2022-09,Office Supplies,East,36328.71,26085.69,10243.02,34308.45,21213.48,13094.97,-2020.26,2851.95,-5.56,Unfavorable
2022-09,Office Supplies,West,75038.81,47076.63,27962.18,88552.93,61030.78,27522.15,13514.12,-440.03,18.01,Favorable
2022-09,Office Supplies,Central,31107.98,22036.27,9071.7,35748.61,26684.37,9064.24,4640.63,-7.46,14.92,Favorable
2022-09,Office Supplies,South,68393.67,50047.52,18346.15,73653.87,56701.63,16952.24,5260.2,-1393.91,7.69,Favorable
2022-10,Technology,East,34980.08,24412.07,10568.01,31079.23,24786.73,6292.5,-3900.85,-4275.51,-11.15,Unfavorable
2022-10,Technology,West,76643.56,46590.5,30053.06,82945.97,65116.7,17829.26,6302.41,-12223.8,8.22,Favorable
2022-10,Technology,Central,30834.52,22003.18,8831.34,35959.07,21819.58,14139.5,5124.55,5308.16,16.62,Favorable
2022-10,Technology,South,61845.22,40785.05,21060.16,72343.97,57456.42,14887.55,10498.75,-6172.61,16.98,Favorable
2022-10,Furniture,East,76655.99,53263.87,23392.12,87757.08,67477.29,20279.8,11101.09,-3112.32,14.48,Favorable
2022-10,Furniture,West,39146.03,29977.37,9168.66,31896.3,22941.54,8954.76,-7249.73,-213.9,-18.52,Unfavorable
2022-10,Furniture,Central,33800.53,21095.36,12705.17,28080.85,20758.98,7321.86,-5719.68,-5383.31,-16.92,Unfavorable
2022-10,Furniture,South,40392.5,30090.53,10301.97,33369.96,22126.22,11243.74,-7022.54,941.77,-17.39,Unfavorable
2022-10,Office Supplies,East,52369.48,39703.64,12665.84,48572.74,35223.9,13348.84,-3796.74,683.0,-7.25,Unfavorable
2022-10,Office Supplies,West,73158.66,52906.34,20252.32,65344.13,39525.37,25818.76,-7814.53,5566.44,-10.68,Unfavorable
2022-10,Office Supplies,Central,72205.93,43630.71,28575.22,83028.21,58600.26,24427.94,10822.28,-4147.28,14.99,Favorable
2022-10,Office Supplies,South,76344.06,58002.91,18341.15,91549.79,61351.39,30198.4,15205.73,11857.25,19.92,Favorable
2022-11,Technology,East,66031.3,44926.78,21104.52,65499.76,47520.15,17979.61,-531.54,-3124.91,-0.8,Unfavorable
2022-11,Technology,West,72420.63,57705.96,14714.66,80192.04,54815.54,25376.5,7771.41,10661.84,10.73,Favorable
2022-11,Technology,Central,45281.42,33848.61,11432.81,40550.0,25225.95,15324.06,-4731.42,3891.25,-10.45,Unfavorable
2022-11,Technology,South,41277.33,27137.69,14139.64,37914.19,24519.92,13394.27,-3363.14,-745.37,-8.15,Unfavorable
2022-11,Furniture,East,22525.59,13595.88,8929.71,26920.09,18455.19,8464.9,4394.5,-464.81,19.51,Favorable
2022-11,Furniture,West,43059.6,31688.83,11370.77,38206.85,30183.11,8023.73,-4852.75,-3347.04,-11.27,Unfavorable
2022-11,Furniture,Central,67180.7,41509.76,25670.94,64965.91,50402.09,14563.82,-2214.79,-11107.12,-3.3,Unfavorable
2022-11,Furniture,South,76683.92,53178.79,23505.13,80162.65,50775.57,29387.08,3478.73,5881.95,4.54,Favorable
2022-11,Office Supplies,East,79470.12,51364.27,28105.85,93543.7,68280.29,25263.41,14073.58,-2842.44,17.71,Favorable
2022-11,Office Supplies,West,56464.21,39668.23,16795.97,50381.2,32007.46,18373.74,-6083.01,1577.77,-10.77,Unfavorable
2022-11,Office Supplies,Central,33229.17,21176.54,12052.63,36945.32,24754.29,12191.03,3716.15,138.4,11.18,Favorable
2022-11,Office Supplies,South,23470.56,18631.41,4839.15,27073.63,21267.7,5805.93,3603.07,966.78,15.35,Favorable
2022-12,Technology,East,79694.47,50588.38,29106.09,76386.89,57416.03,18970.86,-3307.58,-10135.23,-4.15,Unfavorable
2022-12,Technology,West,61761.24,38957.7,22803.53,69563.73,44860.83,24702.91,7802.49,1899.38,12.63,Favorable
2022-12,Technology,Central,33429.06,23647.54,9781.51,34671.81,24825.62,9846.2,1242.75,64.69,3.72,Favorable
2022-12,Technology,South,25489.21,19766.68,5722.53,23099.34,14457.95,8641.4,-2389.87,2918.87,-9.38,Unfavorable
2022-12,Furniture,East,73324.88,58009.54,15315.35,83946.07,63958.78,19987.29,10621.19,4671.94,14.49,Favorable
2022-12,Furniture,West,59314.52,42123.48,17191.04,49515.45,33754.22,15761.23,-9799.07,-1429.81,-16.52,Unfavorable
2022-12,Furniture,Central,42361.31,27617.49,14743.82,46147.06,32264.88,13882.18,3785.75,-861.64,8.94,Favorable
2022-12,Furniture,South,24862.77,16012.54,8850.24,26685.3,16417.5,10267.81,1822.53,1417.57,7.33,Favorable
2022-12,Office Supplies,East,71072.41,49681.7,21390.71,70520.51,50667.69,19852.82,-551.9,-1537.89,-0.78,Unfavorable
2022-12,Office Supplies,West,69480.86,46521.73,22959.13,74428.34,53078.31,21350.04,4947.48,-1609.09,7.12,Favorable
2022-12,Office Supplies,Central,36021.7,27942.97,8078.73,40307.21,29492.4,10814.81,4285.51,2736.08,11.9,Favorable
2022-12,Office Supplies,South,71034.9,54942.57,16092.33,76955.32,59055.72,17899.6,5920.42,1807.27,8.33,Favorable
2023-01,Technology,East,61848.29,45522.08,16326.21,64782.65,48622.19,16160.46,2934.36,-165.75,4.74,Favorable
2023-01,Technology,West,29516.31,22909.79,6606.51,33906.49,20542.23,13364.26,4390.18,6757.75,14.87,Favorable
2023-01,Technology,Central,69549.01,43521.96,26027.05,64962.08,48637.21,16324.86,-4586.93,-9702.19,-6.6,Unfavorable
2023-01,Technology,South,29645.59,22637.18,7008.41,33584.12,23559.04,10025.08,3938.53,3016.67,13.29,Favorable
2023-01,Furniture,East,20383.15,13400.04,6983.11,21336.49,16988.91,4347.58,953.34,-2635.53,4.68,Favorable
2023-01,Furniture,West,57908.81,37754.27,20154.54,61012.86,43196.92,17815.93,3104.05,-2338.61,5.36,Favorable
2023-01,Furniture,Central,66790.72,41503.5,25287.23,73764.42,52243.9,21520.53,6973.7,-3766.7,10.44,Favorable
2023-01,Furniture,South,77779.52,51985.84,25793.68,81905.63,64411.05,17494.58,4126.11,-8299.1,5.3,Favorable
2023-01,Office Supplies,East,26150.58,20592.16,5558.42,28115.91,17251.01,10864.9,1965.33,5306.48,7.52,Favorable
2023-01,Office Supplies,West,38057.81,28224.98,9832.83,31471.54,22547.28,8924.26,-6586.27,-908.57,-17.31,Unfavorable
2023-01,Office Supplies,Central,40752.98,29512.62,11240.36,33348.04,25821.63,7526.41,-7404.94,-3713.95,-18.17,Unfavorable
2023-01,Office Supplies,South,78409.34,62239.42,16169.92,86239.35,53987.32,32252.03,7830.01,16082.11,9.99,Favorable
2023-02,Technology,East,65495.79,39619.54,25876.25,52976.23,35214.47,17761.76,-12519.56,-8114.49,-19.12,Unfavorable
2023-02,Technology,West,49318.59,37190.24,12128.35,52934.54,36481.45,16453.08,3615.95,4324.73,7.33,Favorable
2023-02,Technology,Central,36417.6,29113.14,7304.46,35342.28,24395.98,10946.3,-1075.32,3641.84,-2.95,Unfavorable
2023-02,Technology,South,29817.43,22630.29,7187.14,32127.47,20695.04,11432.43,2310.04,4245.29,7.75,Favorable
2023-02,Furniture,East,24942.86,18360.44,6582.42,26484.44,17338.09,9146.35,1541.58,2563.93,6.18,Favorable
2023-02,Furniture,West,77051.81,48558.95,28492.87,74966.32,59127.68,15838.65,-2085.49,-12654.22,-2.71,Unfavorable
2023-02,Furniture,Central,45183.64,32880.37,12303.27,43332.82,28376.19,14956.62,-1850.82,2653.35,-4.1,Unfavorable
2023-02,Furniture,South,79038.66,53893.84,25144.82,91498.29,59107.06,32391.22,12459.63,7246.4,15.76,Favorable
2023-02,Office Supplies,East,32786.28,19875.92,12910.36,34775.32,23428.32,11347.0,1989.04,-1563.36,6.07,Favorable
2023-02,Office Supplies,West,71861.49,49918.01,21943.48,85319.53,54357.51,30962.02,13458.04,9018.54,18.73,Favorable
2023-02,Office Supplies,Central,72117.39,54471.66,17645.73,79932.66,61464.75,18467.91,7815.27,822.18,10.84,Favorable
2023-02,Office Supplies,South,65661.44,47620.57,18040.87,55976.24,33949.88,22026.36,-9685.2,3985.49,-14.75,Unfavorable
2023-03,Technology,East,75250.87,54431.22,20819.65,84176.75,58612.64,25564.1,8925.88,4744.45,11.86,Favorable
2023-03,Technology,West,27038.49,16900.06,10138.43,29045.45,19926.96,9118.5,2006.96,-1019.93,7.42,Favorable
2023-03,Technology,Central,32031.48,22368.19,9663.29,26447.87,18947.1,7500.77,-5583.61,-2162.52,-17.43,Unfavorable
2023-03,Technology,South,36139.6,27448.46,8691.15,33398.23,23079.65,10318.58,-2741.37,1627.43,-7.59,Unfavorable
2023-03,Furniture,East,20697.23,12718.23,7979.0,19807.2,13785.57,6021.63,-890.03,-1957.37,-4.3,Unfavorable
2023-03,Furniture,West,56001.23,36867.43,19133.8,60368.92,46606.29,13762.64,4367.69,-5371.16,7.8,Favorable
2023-03,Furniture,Central,66791.06,40603.87,26187.19,66270.27,41152.92,25117.36,-520.79,-1069.83,-0.78,Unfavorable
2023-03,Furniture,South,34522.7,27526.07,6996.63,29585.89,20703.55,8882.35,-4936.81,1885.72,-14.3,Unfavorable
2023-03,Office Supplies,East,57089.34,42274.26,14815.08,58451.47,35185.1,23266.36,1362.13,8451.28,2.39,Favorable
2023-03,Office Supplies,West,39587.68,27851.61,11736.07,33061.52,22155.36,10906.15,-6526.16,-829.92,-16.49,Unfavorable
2023-03,Office Supplies,Central,21992.19,13540.93,8451.25,21085.43,13210.93,7874.5,-906.76,-576.75,-4.12,Unfavorable
2023-03,Office Supplies,South,54052.45,39884.92,14167.53,60551.43,38754.73,21796.7,6498.98,7629.17,12.02,Favorable
2023-04,Technology,East,30048.95,18657.8,11391.15,31688.79,23490.75,8198.04,1639.84,-3193.11,5.46,Favorable
2023-04,Technology,West,21895.17,17236.81,4658.36,17971.3,12728.34,5242.96,-3923.87,584.6,-17.92,Unfavorable
2023-04,Technology,Central,62543.63,48420.89,14122.74,67899.54,51627.12,16272.42,5355.91,2149.68,8.56,Favorable
2023-04,Technology,South,40367.01,30798.62,9568.39,33587.21,26163.2,7424.0,-6779.8,-2144.39,-16.8,Unfavorable
2023-04,Furniture,East,52855.54,40353.07,12502.47,51847.45,37782.04,14065.41,-1008.09,1562.94,-1.91,Unfavorable
2023-04,Furniture,West,51584.16,38498.18,13085.98,42951.65,26289.44,16662.22,-8632.51,3576.24,-16.73,Unfavorable
2023-04,Furniture,Central,34826.19,22006.98,12819.21,40005.32,25757.14,14248.18,5179.13,1428.97,14.87,Favorable
2023-04,Furniture,South,78551.92,52423.91,26128.0,68563.82,51967.24,16596.58,-9988.1,-9531.42,-12.72,Unfavorable
2023-04,Office Supplies,East,59522.47,41644.25,17878.22,60840.62,45255.71,15584.91,1318.15,-2293.31,2.21,Favorable
2023-04,Office Supplies,West,33707.28,26941.11,6766.17,40108.88,29282.09,10826.78,6401.6,4060.61,18.99,Favorable
2023-04,Office Supplies,Central,31972.55,23533.25,8439.29,26501.38,16063.3,10438.09,-5471.17,1998.8,-17.11,Unfavorable
2023-04,Office Supplies,South,35460.97,24557.6,10903.38,40684.69,30327.75,10356.95,5223.72,-546.43,14.73,Favorable
2023-05,Technology,East,64562.39,44231.61,20330.78,60583.67,40845.98,19737.69,-3978.72,-593.09,-6.16,Unfavorable
2023-05,Technology,West,79258.97,48191.19,31067.79,90895.19,65056.88,25838.31,11636.22,-5229.48,14.68,Favorable
2023-05,Technology,Central,46316.93,34508.5,11808.43,46069.94,35689.68,10380.27,-246.99,-1428.16,-0.53,Unfavorable
2023-05,Technology,South,74042.11,50670.29,23371.82,67432.46,48448.2,18984.25,-6609.65,-4387.57,-8.93,Unfavorable
2023-05,Furniture,East,74741.8,47994.13,26747.67,78418.1,56956.01,21462.09,3676.3,-5285.58,4.92,Favorable
2023-05,Furniture,West,63986.78,40075.79,23910.99,69510.76,54343.96,15166.8,5523.98,-8744.19,8.63,Favorable
2023-05,Furniture,Central,30780.99,19930.96,10850.03,36584.99,23275.2,13309.79,5804.0,2459.76,18.86,Favorable
2023-05,Furniture,South,71263.11,49774.11,21488.99,64057.87,49590.4,14467.47,-7205.24,-7021.52,-10.11,Unfavorable
2023-05,Office Supplies,East,46718.32,32841.27,13877.05,44087.76,31681.03,12406.73,-2630.56,-1470.32,-5.63,Unfavorable
2023-05,Office Supplies,West,29811.43,20218.6,9592.83,35408.97,23073.43,12335.54,5597.54,2742.71,18.78,Favorable
2023-05,Office Supplies,Central,59404.2,39506.05,19898.15,65902.38,41266.41,24635.98,6498.18,4737.83,10.94,Favorable
2023-05,Office Supplies,South,78189.26,54009.85,24179.41,69934.05,42988.42,26945.64,-8255.21,2766.23,-10.56,Unfavorable
2023-06,Technology,East,30185.47,21249.21,8936.27,28217.42,21608.24,6609.18,-1968.05,-2327.09,-6.52,Unfavorable
2023-06,Technology,West,45853.25,29792.82,16060.43,48001.84,35586.43,12415.42,2148.59,-3645.01,4.69,Favorable
2023-06,Technology,Central,30022.51,19019.98,11002.54,24458.4,18277.28,6181.12,-5564.11,-4821.42,-18.53,Unfavorable
2023-06,Technology,South,59828.27,41576.23,18252.04,68064.72,51806.38,16258.35,8236.45,-1993.69,13.77,Favorable
2023-06,Furniture,East,55121.26,42644.8,12476.46,48635.5,30269.95,18365.55,-6485.76,5889.09,-11.77,Unfavorable
2023-06,Furniture,West,36184.98,22124.12,14060.85,36636.12,28844.39,7791.73,451.14,-6269.12,1.25,Favorable
2023-06,Furniture,Central,22360.61,13962.46,8398.15,21933.07,17256.39,4676.68,-427.54,-3721.47,-1.91,Unfavorable
2023-06,Furniture,South,38969.37,27334.94,11634.42,31823.52,20038.27,11785.25,-7145.85,150.83,-18.34,Unfavorable
2023-06,Office Supplies,East,79197.81,62805.74,16392.07,63514.74,50199.66,13315.08,-15683.07,-3076.99,-19.8,Unfavorable
2023-06,Office Supplies,West,58347.2,45136.44,13210.76,57290.88,40282.31,17008.56,-1056.32,3797.8,-1.81,Unfavorable
2023-06,Office Supplies,Central,49330.79,36177.87,13152.93,42220.28,25585.27,16635.01,-7110.51,3482.08,-14.41,Unfavorable
2023-06,Office Supplies,South,38475.8,28508.11,9967.69,33887.23,24896.49,8990.74,-4588.57,-976.95,-11.93,Unfavorable
2023-07,Technology,East,78194.72,48385.34,29809.38,83593.35,57574.93,26018.43,5398.63,-3790.95,6.9,Favorable
2023-07,Technology,West,72088.54,45807.21,26281.32,77642.98,59600.55,18042.44,5554.44,-8238.88,7.71,Favorable
2023-07,Technology,Central,76676.85,56483.97,20192.88,76590.2,55418.33,21171.87,-86.65,978.99,-0.11,Unfavorable
2023-07,Technology,South,72134.3,51512.69,20621.61,58584.22,46058.31,12525.91,-13550.08,-8095.7,-18.78,Unfavorable
2023-07,Furniture,East,61371.61,45126.71,16244.9,54391.82,39802.69,14589.13,-6979.79,-1655.77,-11.37,Unfavorable
2023-07,Furniture,West,43631.86,31862.02,11769.84,36765.83,26896.75,9869.09,-6866.03,-1900.75,-15.74,Unfavorable
2023-07,Furniture,Central,79964.82,48749.95,31214.88,95227.68,64886.39,30341.29,15262.86,-873.59,19.09,Favorable
2023-07,Furniture,South,72245.21,54651.84,17593.36,74181.85,55465.01,18716.83,1936.64,1123.47,2.68,Favorable
2023-07,Office Supplies,East,72710.93,49503.64,23207.29,67680.3,49644.77,18035.54,-5030.63,-5171.75,-6.92,Unfavorable
2023-07,Office Supplies,West,68470.76,51521.3,16949.45,76627.37,52651.94,23975.43,8156.61,7025.98,11.91,Favorable
2023-07,Office Supplies,Central,69070.05,43102.6,25967.45,70299.2,42260.49,28038.71,1229.15,2071.26,1.78,Favorable
2023-07,Office Supplies,South,39475.15,26578.31,12896.84,37835.71,27964.13,9871.58,-1639.44,-3025.26,-4.15,Unfavorable
2023-08,Technology,East,43313.49,29874.99,13438.5,38766.33,26153.72,12612.61,-4547.16,-825.89,-10.5,Unfavorable
2023-08,Technology,West,33636.18,20674.11,12962.06,35028.02,25698.05,9329.97,1391.84,-3632.09,4.14,Favorable
2023-08,Technology,Central,57169.42,39601.19,17568.23,54420.39,42048.82,12371.57,-2749.03,-5196.66,-4.81,Unfavorable
2023-08,Technology,South,51144.91,35588.49,15556.42,41440.51,27692.6,13747.91,-9704.4,-1808.51,-18.97,Unfavorable
2023-08,Furniture,East,42811.74,29101.9,13709.84,44184.66,31226.21,12958.46,1372.92,-751.38,3.21,Favorable
2023-08,Furniture,West,56474.31,42523.83,13950.47,63544.57,47253.3,16291.26,7070.26,2340.79,12.52,Favorable
2023-08,Furniture,Central,77331.42,46680.84,30650.58,67921.05,40855.37,27065.69,-9410.37,-3584.89,-12.17,Unfavorable
2023-08,Furniture,South,58848.48,45878.64,12969.85,52810.21,41477.51,11332.71,-6038.27,-1637.14,-10.26,Unfavorable
2023-08,Office Supplies,East,23616.04,18583.16,5032.88,22214.41,13779.25,8435.16,-1401.63,3402.28,-5.94,Unfavorable
2023-08,Office Supplies,West,49152.31,32015.62,17136.69,44922.71,29714.48,15208.22,-4229.6,-1928.47,-8.61,Unfavorable
2023-08,Office Supplies,Central,68181.55,48261.1,19920.45,63035.42,45515.78,17519.64,-5146.13,-2400.81,-7.55,Unfavorable
2023-08,Office Supplies,South,62969.04,41214.8,21754.24,60791.55,37956.86,22834.69,-2177.49,1080.45,-3.46,Unfavorable
2023-09,Technology,East,30868.96,22726.46,8142.5,26935.49,18990.4,7945.09,-3933.47,-197.41,-12.74,Unfavorable
2023-09,Technology,West,62542.78,38862.54,23680.23,64226.73,41831.68,22395.06,1683.95,-1285.17,2.69,Favorable
2023-09,Technology,Central,77775.61,54186.98,23588.63,87295.12,61983.49,25311.63,9519.51,1723.0,12.24,Favorable
2023-09,Technology,South,22604.75,16425.3,6179.45,26686.3,19222.74,7463.56,4081.55,1284.11,18.06,Favorable
2023-09,Furniture,East,69151.33,53719.61,15431.72,61629.87,39591.58,22038.29,-7521.46,6606.57,-10.88,Unfavorable
2023-09,Furniture,West,56658.86,38653.0,18005.86,64361.32,50202.13,14159.19,7702.46,-3846.67,13.59,Favorable
2023-09,Furniture,Central,41205.28,26675.23,14530.05,45828.94,30016.18,15812.76,4623.66,1282.71,11.22,Favorable
2023-09,Furniture,South,69356.86,47491.95,21864.91,74005.15,45817.11,28188.04,4648.29,6323.13,6.7,Favorable
2023-09,Office Supplies,East,57431.56,39648.08,17783.48,59421.18,37649.43,21771.75,1989.62,3988.27,3.46,Favorable
2023-09,Office Supplies,West,64212.42,49607.91,14604.51,56936.89,35252.07,21684.82,-7275.53,7080.31,-11.33,Unfavorable
2023-09,Office Supplies,Central,21418.32,15600.98,5817.34,22335.82,15843.68,6492.14,917.5,674.8,4.28,Favorable
2023-09,Office Supplies,South,33916.83,23001.75,10915.07,35198.56,24616.23,10582.33,1281.73,-332.74,3.78,Favorable
2023-10,Technology,East,79267.13,49723.32,29543.81,85454.55,58182.91,27271.64,6187.42,-2272.17,7.81,Favorable
2023-10,Technology,West,45691.98,33972.88,11719.1,49209.09,39281.22,9927.88,3517.11,-1791.22,7.7,Favorable
2023-10,Technology,Central,27703.66,17199.04,10504.62,30189.66,21606.06,8583.6,2486.0,-1921.02,8.97,Favorable
2023-10,Technology,South,36449.64,22448.75,14000.89,30408.6,23683.38,6725.22,-6041.04,-7275.67,-16.57,Unfavorable
2023-10,Furniture,East,31512.04,20945.24,10566.8,28066.59,18832.66,9233.93,-3445.45,-1332.87,-10.93,Unfavorable
2023-10,Furniture,West,24165.43,17007.92,7157.51,19985.9,15190.71,4795.19,-4179.53,-2362.32,-17.3,Unfavorable
2023-10,Furniture,Central,34022.72,24088.17,9934.55,39195.26,28619.41,10575.84,5172.54,641.29,15.2,Favorable
2023-10,Furniture,South,51977.47,34558.09,17419.38,48505.41,35598.0,12907.42,-3472.06,-4511.96,-6.68,Unfavorable
2023-10,Office Supplies,East,79648.36,58331.9,21316.46,81489.3,60801.62,20687.68,1840.94,-628.78,2.31,Favorable
2023-10,Office Supplies,West,47912.34,29323.71,18588.62,49106.25,38868.83,10237.42,1193.91,-8351.2,2.49,Favorable
2023-10,Office Supplies,Central,30518.18,22522.44,7995.73,26867.39,18999.69,7867.7,-3650.79,-128.03,-11.96,Unfavorable
2023-10,Office Supplies,South,25800.59,17804.32,7996.27,28444.25,19043.83,9400.42,2643.66,1404.15,10.25,Favorable
2023-11,Technology,East,59894.7,45465.47,14429.23,70128.98,45368.43,24760.55,10234.28,10331.32,17.09,Favorable
2023-11,Technology,West,43958.95,27715.38,16243.57,52618.58,41326.64,11291.94,8659.63,-4951.63,19.7,Favorable
2023-11,Technology,Central,52397.43,40262.53,12134.9,52836.69,38291.65,14545.03,439.26,2410.13,0.84,Favorable
2023-11,Technology,South,25347.47,19037.32,6310.15,21572.86,16507.84,5065.02,-3774.61,-1245.13,-14.89,Unfavorable
2023-11,Furniture,East,66921.69,49639.09,17282.6,54505.31,36007.61,18497.7,-12416.38,1215.1,-18.55,Unfavorable
2023-11,Furniture,West,35786.75,24049.68,11737.08,29883.98,23530.4,6353.59,-5902.77,-5383.49,-16.49,Unfavorable
2023-11,Furniture,Central,53228.13,35189.38,18038.76,51034.74,35185.42,15849.32,-2193.39,-2189.44,-4.12,Unfavorable
2023-11,Furniture,South,56035.66,39400.68,16634.98,65436.02,45765.48,19670.55,9400.36,3035.57,16.78,Favorable
2023-11,Office Supplies,East,79529.48,61260.37,18269.12,70256.68,55230.11,15026.57,-9272.8,-3242.55,-11.66,Unfavorable
2023-11,Office Supplies,West,26981.98,20600.47,6381.51,25693.58,19927.81,5765.77,-1288.4,-615.74,-4.78,Unfavorable
2023-11,Office Supplies,Central,72083.4,54868.81,17214.59,80445.95,53169.61,27276.34,8362.55,10061.75,11.6,Favorable
2023-11,Office Supplies,South,24855.16,16916.32,7938.84,21609.32,15969.07,5640.24,-3245.84,-2298.6,-13.06,Unfavorable
2023-12,Technology,East,40765.98,32413.93,8352.05,43064.73,32922.82,10141.91,2298.75,1789.86,5.64,Favorable
2023-12,Technology,West,27951.48,21589.8,6361.68,32678.16,22790.15,9888.01,4726.68,3526.33,16.91,Favorable
2023-12,Technology,Central,56375.18,42448.36,13926.81,49042.76,34355.1,14687.66,-7332.42,760.85,-13.01,Unfavorable
2023-12,Technology,South,43919.78,27637.61,16282.17,41592.64,25522.68,16069.96,-2327.14,-212.21,-5.3,Unfavorable
2023-12,Furniture,East,21548.71,13511.76,8036.95,25540.53,18131.37,7409.16,3991.82,-627.79,18.52,Favorable
2023-12,Furniture,West,77949.33,53512.18,24437.15,72081.81,50545.81,21536.0,-5867.52,-2901.15,-7.53,Unfavorable
2023-12,Furniture,Central,46370.7,28802.37,17568.33,48982.79,31506.1,17476.68,2612.09,-91.65,5.63,Favorable
2023-12,Furniture,South,57175.28,41740.25,15435.03,49217.05,30134.12,19082.93,-7958.23,3647.9,-13.92,Unfavorable
2023-12,Office Supplies,East,66845.7,46254.55,20591.14,55031.76,43968.9,11062.85,-11813.94,-9528.29,-17.67,Unfavorable
2023-12,Office Supplies,West,23466.83,17342.16,6124.68,28007.0,18143.94,9863.06,4540.17,3738.38,19.35,Favorable
2023-12,Office Supplies,Central,28534.96,17813.72,10721.24,26289.55,16305.02,9984.53,-2245.41,-736.71,-7.87,Unfavorable
2023-12,Office Supplies,South,61529.68,37684.37,23845.31,61761.58,49368.46,12393.12,231.9,-11452.19,0.38,Favorable
